Alpe d'Huez,https://www.skiinfo.fr/alpes-du-nord/alpe-dhuez/bulletin-neige,330cm,40cm
Auris en oisans,https://www.skiinfo.fr/alpes-du-nord/auris-en-oisans/bulletin-neige,330cm,3cm
Aussois,https://www.skiinfo.fr/alpes-du-nord/aussois/bulletin-neige,200cm,0
Avoriaz,https://www.skiinfo.fr/alpes-du-nord/avoriaz/bulletin-neige,360cm,2cm
Bessans,https://www.skiinfo.fr/alpes-du-nord/bessans/bulletin-neige,48cm,0
Bonneval sur Arc,https://www.skiinfo.fr/alpes-du-nord/bonneval-sur-arc/bulletin-neige,240cm,0
Brides les Bains,https://www.skiinfo.fr/alpes-du-nord/brides-les-bains/bulletin-neige,195cm,0
Chamonix,https://www.skiinfo.fr/alpes-du-nord/chamonix/bulletin-neige,250cm,15cm
Champagny en Vanoise,https://www.skiinfo.fr/alpes-du-nord/champagny-en-vanoise/bulletin-neige,380cm,0
Chamrousse,https://www.skiinfo.fr/alpes-du-nord/chamrousse/bulletin-neige,65cm,2cm
Chatel,https://www.skiinfo.fr/alpes-du-nord/chatel/bulletin-neige,60cm,1cm
Courchevel,https://www.skiinfo.fr/alpes-du-nord/courchevel/bulletin-neige,183cm,3cm
Doucy,https://www.skiinfo.fr/alpes-du-nord/doucy/bulletin-neige,185cm,4cm
Flaine,https://www.skiinfo.fr/alpes-du-nord/flaine/bulletin-neige,330cm,33cm
La Clusaz,https://www.skiinfo.fr/alpes-du-nord/la-clusaz/bulletin-neige,250cm,35cm
La Norma,https://www.skiinfo.fr/alpes-du-nord/la-norma/bulletin-neige,95cm,5cm
La Plagne,https://www.skiinfo.fr/alpes-du-nord/la-plagne/bulletin-neige,370cm,8cm
La Rosière 1850,https://www.skiinfo.fr/alpes-du-nord/la-rosiere-1850/bulletin-neige,300cm,0
La Tania,https://www.skiinfo.fr/alpes-du-nord/la-tania/bulletin-neige,183cm,3cm
La Toussuire,https://www.skiinfo.fr/alpes-du-nord/la-toussuire/bulletin-neige,144cm,0
Le Corbier,https://www.skiinfo.fr/alpes-du-nord/le-corbier/bulletin-neige,144cm,0
Le Grand Bornand,https://www.skiinfo.fr/alpes-du-nord/le-grand-bornand/bulletin-neige,90cm,5cm
Les 2 Alpes,https://www.skiinfo.fr/alpes-du-nord/les-2-alpes/bulletin-neige,160cm,0
Les Arcs,https://www.skiinfo.fr/alpes-du-nord/les-arcs-bourg-st-maurice/bulletin-neige,420cm,10cm
Abondance,https://www.skiinfo.fr/alpes-du-nord/abondance/bulletin-neige,0cm,0
Aillons Margeriaz,https://www.skiinfo.fr/alpes-du-nord/les-aillons-margeriaz/bulletin-neige,0cm,0
Autrans,https://www.skiinfo.fr/alpes-du-nord/autrans/bulletin-neige,10cm,0
Bernex,https://www.skiinfo.fr/alpes-du-nord/bernex/bulletin-neige,60cm,0
Col de Marcieu,https://www.skiinfo.fr/alpes-du-nord/col-de-marcieu/bulletin-neige,0cm,0
Combloux,https://www.skiinfo.fr/alpes-du-nord/combloux/bulletin-neige,200cm,0
Corrençon en Vercors,https://www.skiinfo.fr/alpes-du-nord/correncon-en-vercors/bulletin-neige,0cm,0
La Chapelle d'Abondance,https://www.skiinfo.fr/alpes-du-nord/la-chapelle-dabondance/bulletin-neige,0cm,0
La Giettaz,https://www.skiinfo.fr/alpes-du-nord/la-giettaz/bulletin-neige,110cm,0
